vul_id,is_vul
29479,0
12129,0
23206,1
33195,0
17577,0
41533,0
39628,0
40164,0
41408,1
13444,0
6747,1
25969,0
37406,0
8869,1
33580,0
7774,1
6538,1
28822,1
21904,1
27420,1
17659,0
13481,0
13969,0
41545,0
8250,0
35228,0
1518,1
36847,0
19278,0
14798,1
10627,1
41450,0
30677,0
16003,1
6613,0
22651,0
39249,1
26608,0
15641,0
10002,0
9613,1
18003,1
13124,0
13811,1
33254,1
21932,0
34570,0
28109,0
39457,0
18949,1
29907,0
15024,0
10147,1
24968,1
26438,0
7918,1
37441,0
2813,1
1968,0
15933,1
5056,0
6483,0
19714,0
15612,1
39217,0
27375,0
17876,0
40741,0
26875,1
35718,0
26717,0
19747,0
30141,0
18260,0
38603,0
40258,0
21525,0
29087,0
1133,0
25857,1
15945,0
37428,1
29045,0
20841,0
34277,0
19120,0
20857,1
18094,1
8501,0
10767,1
31624,0
26461,0
32766,1
12008,0
14394,0
30526,1
17795,1
7681,0
16144,1
18491,0
14573,1
13687,1
37096,0
961,1
28704,0
3281,0
5269,0
11988,1
37474,0
30740,1
41023,0
18680,0
1056,1
37736,1
24197,0
21166,0
2524,0
17918,1
18384,0
22979,0
36245,0
8973,0
27823,1
17129,0
22032,0
26123,1
11950,0
24496,1
41541,1
4404,0
15166,0
8228,1
15334,0
32397,0
35558,0
30819,0
33100,0
35632,0
15428,0
35000,1
41214,0
38430,0
11242,0
16469,0
808,1
19063,1
13647,0
35917,0
32074,0
5530,0
20793,0
20232,1
33957,0
13178,0
37047,0
1913,0
7971,0
32842,0
20135,0
26770,0
40523,0
16884,1
24765,1
39318,0
41215,1
23520,1
15207,0
10943,0
33770,0
19383,0
4651,1
16829,1
11217,0
22613,0
37827,0
9269,0
28638,1
29595,0
18543,0
29666,1
36861,1
617,0
19243,0
8291,1
31344,0
11521,1
3142,1
5724,0
16256,1
220,1
7590,0
20402,1
25357,0
3855,0
33041,1
31718,0
24311,1
14110,0
17079,1
25294,0
10083,0
5391,0
18069,1
9502,0
8738,1
27854,0
22503,0
29249,0
39372,1
39899,0
16148,1
41686,0
37234,0
3661,0
25254,1
19883,0
35758,0
5639,0
10582,1
7977,0
15524,1
10724,0
36574,0
9330,1
15382,1
10530,0
34864,0
934,1
13595,0
25064,0
131,0
10407,0
26974,0
29675,0
28419,1
13491,0
39112,1
27556,0
24423,1
9671,0
24663,0
29574,0
21327,1
3233,1
28386,0
2547,1
17821,0
16064,1
30469,0
20830,1
20671,0
24070,1
21220,1
1837,1
14327,0
26033,1
39263,1
41561,0
41386,1
19346,0
41277,0
15741,0
24479,1
21873,0
39232,1
15049,0
2509,0
14523,1
29919,1
7690,1
29963,0
41788,1
18610,1
1426,0
40743,0
4389,0
29779,1
9531,0
31645,1
41475,0
14171,0
38490,1
24005,1
34224,1
16350,1
33262,0
33829,1
12748,1
41217,0
21588,0
25775,0
39881,1
8289,1
18868,1
20026,0
34396,0
27994,0
40117,0
25492,1
23954,1
48,0
11887,1
8490,1
2393,1
10875,0
15998,1
31061,0
40746,0
14761,0
29307,0
20488,1
19850,0
34998,0
24690,0
36306,0
29543,0
23130,0
37221,1
27237,1
5048,0
11699,0
2231,1
29565,0
40626,0
13690,1
2604,1
15693,0
40805,0
1414,1
23280,1
18264,1
27283,0
12954,0
40428,0
13873,0
12046,1
1009,0
6258,0
14238,1
11316,0
6448,0
9384,1
6626,0
11475,1
18960,1
36648,0
40790,0
1528,0
33217,0
30661,0
13666,0
16831,0
24668,0
6198,0
17253,0
33379,0
20606,0
32486,1
31297,1
13163,0
5954,1
34746,1
29305,0
34489,1
2774,0
16752,1
39392,0
11545,0
12680,0
14172,1
29147,0
3205,1
11155,0
22689,1
25299,0
8976,0
31752,0
34245,1
34604,0
37830,0
12911,1
17485,1
38320,0
39394,1
15445,0
13313,1
3161,1
33011,0
40660,0
36799,0
41058,0
8827,0
39796,1
9815,0
32304,1
9452,0
7139,0
88,1
5295,1
31108,1
5452,0
41544,0
39714,1
37248,0
13763,0
29462,0
17625,1
33712,1
24001,1
9785,0
13061,0
18890,1
32615,1
15952,1
12619,0
39869,0
36565,0
34682,0
22795,0
33400,1
15415,0
18778,0
20979,1
8109,0
20648,0
36546,0
16816,0
37010,0
33194,0
38647,0
23010,1
10253,0
20151,1
25024,0
37901,1
26722,1
28107,0
35463,0
11353,0
24989,0
15438,0
21469,1
14443,0
23301,0
9088,1
40229,0
30711,1
40890,0
34866,1
38146,0
9636,0
6498,0
35801,0
25696,1
23819,0
24739,1
13388,1
32571,1
13756,0
10444,0
38331,0
15378,0
21244,0
20406,1
37450,1
1853,1
30140,0
33921,0
17470,0
14616,0
6274,0
14524,0
6609,1
10932,1
9663,1
11106,0
8764,1
20438,1
11363,0
38999,1
22859,0
13431,0
15347,0
7547,0
24819,1
3477,1
35482,0
20057,0
2469,0
40617,0
33648,0
27102,1
16944,0
2572,0
41154,0
31714,1
15823,0
18521,0
29708,1
19541,0
28341,0
11417,1
8060,1
3059,1
8445,0
5857,1
40585,0
38855,1
12121,0
41239,1
29472,0
31138,0
24470,1
33906,1
33950,0
37557,0
31979,0
25602,1
33933,1
22833,0
1047,1
40716,0
18303,0
33524,0
1844,1
10782,0
22321,1
33460,1
33537,0
4395,0
5746,0
34270,1
36004,0
27350,0
14037,1
5012,0
11001,1
38210,1
18214,1
12624,0
6337,0
17717,1
33899,0
360,0
14952,0
7711,1
2575,0
1634,1
19303,1
23842,0
34906,0
38259,1
15370,1
5181,0
27898,0
22848,0
25443,0
12932,1
38728,0
36387,0
40243,0
32070,0
22142,1
16195,0
37896,1
22544,1
8553,1
3563,0
2513,1
21114,0
11619,0
13411,0
21047,1
26642,0
30596,0
18153,0
40969,0
11622,0
39150,0
13455,1
10550,0
28186,0
31867,1
38364,0
25264,0
19743,0
14167,0
22572,0
32655,0
9749,0
38257,1
21200,1
22735,1
36956,0
24617,0
1591,0
41309,0
9430,1
34740,0
40175,1
26907,0
33313,0
36659,0
8664,0
15031,1
28101,0
35935,0
17688,1
13762,1
34736,0
1401,1
34162,0
6784,1
13013,1
35198,0
37864,1
30976,1
25427,1
19425,0
34953,0
39306,1
38933,0
25537,0
19894,0
1870,1
31214,1
14965,1
2384,1
31503,1
9474,0
10934,0
27649,0
23468,0
35886,0
39756,0
37483,0
25079,0
32454,1
27218,1
20732,0
4686,0
35220,0
1539,0
10891,0
28634,1
22944,1
8294,0
25163,0
16047,1
41704,0
11615,0
40119,0
36862,0
6742,1
33152,1
25648,1
29810,1
13260,0
13579,1
35054,0
6419,0
18689,0
12194,0
30214,0
26904,1
41166,0
33148,0
38012,1
346,1
35694,0
40500,0
28209,1
10917,0
25275,0
40878,1
30060,1
27104,0
28661,1
3779,0
15265,0
21328,1
23306,1
12809,0
1284,0
24032,1
31055,1
30720,1
12601,0
7795,0
36972,0
35416,0
41123,1
4640,0
19948,0
14472,0
4835,0
13006,0
22308,0
8521,0
10078,0
4101,0
31717,1
7274,1
13459,1
31647,0
26619,0
17811,0
12404,1
2588,1
38007,1
3685,0
32954,1
2123,1
23897,1
12253,1
5930,1
3830,1
11801,1
25955,1
2838,1
8364,1
10672,0
4523,1
26607,0
2149,1
6962,1
33879,1
2633,1
29696,0
3777,0
31071,1
4088,1
23185,1
4522,1
21315,0
12009,1
17044,0
11925,1
10287,1
1999,0
1032,1
26290,1
15544,0
532,0
34409,0
2478,1
7400,1
14741,1
17532,1
10598,1
3957,1
10996,0
14885,1
8216,1
5926,1
17087,1
9826,1
13367,1
8889,1
8388,0
9525,1
22482,1
10272,0
17295,0
1683,1
31001,0
39694,0
34033,1
21180,1
27246,1
8586,0
4818,1
25336,1
20375,1
26161,1
4635,1
11527,1
1841,1
17023,1
14064,1
15664,0
10707,1
22481,1
14892,1
3602,0
4486,1
11208,1
1892,1
17082,0
38025,1
24467,1
20444,1
21155,1
6030,1
38017,1
16545,1
25956,1
15730,1
10683,0
4465,1
17537,0
451,0
17215,1
23557,1
1297,1
6014,1
4571,1
9721,1
27550,1
2122,1
40308,1
15645,1
25997,1
31860,1
14811,1
10729,1
31284,1
7402,0
11815,1
17747,0
20422,1
1873,1
11999,0
16970,1
8362,0
9157,1
38739,1
14790,1
14734,1
12803,1
31648,1
5951,1
15547,0
25191,0
9214,0
18785,1
8635,1
18847,1
24050,1
31769,1
24067,1
22248,0
4567,1
16432,1
24803,1
10696,1
1155,1
29967,1
22364,0
10263,1
15727,0
17897,1
23195,1
20378,1
9569,1
23404,0
13366,1
9576,1
34413,0
6120,1
27013,0
15814,1
14891,1
4079,1
38357,1
11686,1
21124,1
2593,0
21419,0
6150,1
22796,1
34356,1
10431,0
17376,1
2794,0
25560,1
2186,1
35975,0
17292,1
10292,0
8310,1
23898,1
22494,0
26063,1
23217,1
17297,0
23693,1
17787,0
21816,1
10697,1
13461,1
20796,1
22804,0
31724,1
24118,0
6664,1
13462,0
8571,0
16312,1
10685,0
2054,0
20515,0
9571,0
38869,1
22168,0
8299,1
8272,1
311,0
34419,1
5429,1
2094,1
2609,0
15534,0
2543,1
2544,1
23917,0
33987,1
10365,1
26223,1
17899,1
450,1
25564,1
17480,1
2057,0
4494,1
5317,1
31753,1
13812,1
31761,0
4302,1
10719,0
35796,0
9831,1
3691,1
17789,1
23696,1
21797,1
31705,1
759,1
34515,0
10128,1
23255,1
14884,1
15587,1
4698,1
1099,1
41596,1
26014,1
23391,0
2468,1
18924,1
21573,0
23059,1
17205,1
35750,0
4140,1
40250,1
22046,1
12603,0
23676,1
10432,0
11390,1
23118,1
25562,1
38448,1
20421,1
14815,0
33634,0
11816,1
17472,1
30078,1
13631,1
10678,0
24804,1
1750,1
13617,0
14961,1
3989,1
21169,1
15585,0
3180,1
24313,1
10988,1
14489,0
1827,1
3622,1
15871,1
25212,1
35989,1
10831,0
3924,0
25714,1
514,0
642,1
3803,1
23670,1
513,0
7411,1
6765,1
8384,0
